今井翼_zVAn.jpg.png.png_0_align_resize_default.png,滝沢秀明_13vh.jpg.png.png_0.png_0_align_resize.png,0.8018500208854675
今井翼_zVAn.jpg.png.png_0_align_resize_default.png,滝沢秀明_XpLP.jpg_default..png.png_0.png_0_align_resize.png,0.7941427826881409
今井翼_zVAn.jpg.png.png_0_align_resize_default.png,滝沢秀明_GHwA.png.png.png_0.png_0_align_resize.png,0.7927246689796448
今井翼_zVAn.jpg.png.png_0_align_resize_default.png,滝沢秀明_X58D.jpg.png.png_0.png_0_align_resize.png,0.7872100472450256
今井翼_zVAn.jpg.png.png_0_align_resize_default.png,滝沢秀明_9SAF..png.png_0.png_0_align_resize.png,0.7813341617584229
今井翼_zVAn.jpg.png.png_0_align_resize_default.png,滝沢秀明_36nR..png.png_0.png_0_align_resize.png,0.7731989622116089
今井翼_zVAn.jpg.png.png_0_align_resize_default.png,滝沢秀明_x97X..png.png_0.png_0_align_resize.png,0.7605873346328735
今井翼_zVAn.jpg.png.png_0_align_resize_default.png,滝沢秀明_cEsX.jpg.png.png_0.png_0_align_resize.png,0.7597454190254211
今井翼_zVAn.jpg.png.png_0_align_resize_default.png,滝沢秀明_F8py..png.png_0.png_0_align_resize.png,0.749047577381134
片寄涼太_8yMX.jpg.png.png_0.png_0_align_resize.png,岡本圭人_GCTv.jpg_semidefault.png.png.png_0.png_0_align_resize.png,0.7683241367340088
安室奈美恵_bNhN.jpeg..png.png_0_align_resize_default.png,松田美由紀_jzfn.jpg.png.png.png_0.png_0_align_resize.png,0.7395753860473633
安室奈美恵_bNhN.jpeg..png.png_0_align_resize_default.png,松田美由紀_2Ovb.jpg.png.png.png_0.png_0_align_resize.png,0.7187442779541016
勝村政信_x2Kp.jpg.png.png.png_0.png_0_align_resize.png,安藤政信_k0ja.jpg_default.png.png_0.png_0_align_resize.png,0.7144148945808411
勝村政信_x2Kp.jpg.png.png.png_0.png_0_align_resize.png,安藤政信_k0ja.jpg_default.png.png.png_0.png_0_align_resize.png,0.7007179260253906
美輪明宏_gKsV.jpg.png.png.png_0.png_0_align_resize.png,中村メイコ_KoNK.jpg_default.png.png_0.png_0_align_resize.png,0.7146798372268677
賀来賢人_1Fiw.jpg..png_0_align_resize_default.png,片寄涼太_m7ms.jpg.png.png_0.png_0_align_resize.png,0.7151122689247131
賀来賢人_1Fiw.jpg..png_0_align_resize_default.png,片寄涼太_CGca.jpg.png_0_align_resize.png,0.7037554979324341
賀来賢人_NYOa.jpg_default..png.png_0.png_0_align_resize.png,片寄涼太_m7ms.jpg.png.png_0.png_0_align_resize.png,0.8008976578712463
賀来賢人_NYOa.jpg_default..png.png_0.png_0_align_resize.png,片寄涼太_cW4e.jpg.png.png_0.png_0_align_resize.png,0.7958420515060425
賀来賢人_NYOa.jpg_default..png.png_0.png_0_align_resize.png,片寄涼太_ufgc.jpg..png_0.png_0_align_resize.png,0.7932008504867554
賀来賢人_NYOa.jpg_default..png.png_0.png_0_align_resize.png,片寄涼太_NoHh.jpg..png.png.png_0.png_0_align_resize.png,0.7861793637275696
賀来賢人_NYOa.jpg_default..png.png_0.png_0_align_resize.png,片寄涼太_ufgc.jpg.png_0_align_resize.png,0.7755205035209656
賀来賢人_NYOa.jpg_default..png.png_0.png_0_align_resize.png,片寄涼太_tPCM.jpg.png.png_0_align_resize.png,0.7749965786933899
賀来賢人_NYOa.jpg_default..png.png_0.png_0_align_resize.png,片寄涼太_QlRg.jpg..png.png.png_0.png_0_align_resize.png,0.7662724256515503
賀来賢人_NYOa.jpg_default..png.png_0.png_0_align_resize.png,片寄涼太_OSri.png.png.png_0_align_resize.png,0.7564084529876709
賀来賢人_sJQg.jpg_default..png.png_0.png_0_align_resize.png,片寄涼太_md6m.jpg..png.png.png_0.png_0_align_resize.png,0.7153450846672058
賀来賢人_sJQg.jpg_default..png.png_0.png_0_align_resize.png,片寄涼太_kh6n.jpg.png.png_0.png_0_align_resize.png,0.7033534646034241
高橋一生_5Gk6.jpg.png_default.png.png_0.png_0_align_resize.png,鮎川穂乃果_A6Gi.jpg..png.png.png_0_align_resize_default.png,0.7974465489387512
高橋一生_5Gk6.jpg.png_default.png.png_0.png_0_align_resize.png,山﨑努_vZ6I.jpg.png.png_0_align_resize_default.png,0.7759785652160645
高橋一生_5Gk6.jpg.png_default.png.png_0.png_0_align_resize.png,安倍麻美_vwtM.jpg..png.png_0_align_resize_default.png,0.7466062307357788
高橋一生_5Gk6.jpg.png_default.png.png_0.png_0_align_resize.png,加藤和樹_Cl0r.jpg.png_align_resize_default.png,0.7437047958374023
高橋一生_5Gk6.jpg.png_default.png.png_0.png_0_align_resize.png,安倍麻美_pB7a.jpg..png.png_0_align_resize_default.png,0.7269330620765686
高橋一生_5Gk6.jpg.png_default.png.png_0.png_0_align_resize.png,山下美月_WXg3.jpg.png.png.png_0.png_0_align_resize.png,0.715019941329956
吉川晃司_bBOk.jpeg.png.png.png_0.png_0_align_resize.png,小澤征爾_W020090420372563734881_default.jpg.png_0_align_resize.png,0.7493621110916138
吉川晃司_bBOk.jpeg.png.png.png_0.png_0_align_resize.png,小澤征爾_W020090420372563734881_default.jpg.png.png_0_align_resize.png,0.744150698184967
金田明夫_9iXm.jpg..png_align_resize_default.png,山﨑努_vZ6I.jpg.png.png_0_align_resize_default.png,0.7739859819412231
佐藤詩識_xkpQ.jpg..png_align_resize_default.png,南波陽向_ZFi9.jpg.png.png.png_0.png_0_align_resize.png,0.7261378169059753
佐藤詩識_xkpQ.jpg..png_align_resize_default.png,南波陽向_2mMW.jpg.png_0.png_0_align_resize.png,0.7140277624130249
板垣心和_rvLO..png.png_0.png_0_align_resize.png,竹本くるみ_lAzm.jpg.png.png_0.png_0_align_resize.png,0.7089671492576599
竹﨑由佳_08uN.png_semi_default.png.png.png_0.png_0_align_resize.png,田中瞳_f7av..png.png_0.png_0_align_resize.png,0.7596786022186279
竹﨑由佳_08uN.png_semi_default.png.png.png_0.png_0_align_resize.png,田中瞳_hZXa.jpg.png.png_0.png_0_align_resize.png,0.7576188445091248
竹﨑由佳_08uN.png_semi_default.png.png.png_0.png_0_align_resize.png,田中瞳_dGu7.jpg.png.png_0.png_0_align_resize.png,0.7308655381202698
竹﨑由佳_08uN.png_semi_default.png.png.png_0.png_0_align_resize.png,田中瞳_ANb5.jpg.png.png_0.png_0_align_resize.png,0.7159914970397949
竹﨑由佳_08uN.png_semi_default.png.png.png_0.png_0_align_resize.png,田中瞳_YCTx.jpg.png.png_0.png_0_align_resize.png,0.7000200748443604
後藤晴菜_zL2H.jpg_default..png.png_0.png_0_align_resize.png,紀真耶_jsNW.jpg.png.png_0.png_0_align_resize.png,0.7243176698684692
石井苗子_SYYJ.jpg.png.png.png_0.png_0_align_resize.png,中村江里子_17.png.png_0_align_resize.png,0.700179398059845
石井苗子_d0rs.jpg.png.png.png_0.png_0_align_resize.png,中村江里子_vRy8.jpeg.png.png_0.png_0_align_resize.png,0.7066404819488525
河合龍之介_iRrS.jpg.png.png.png_0_align_resize_default.png,加藤慶祐_Z5EK.jpg..png_align_resize_default.png,0.7068633437156677
奥田瑛二_EEh6.jpg.png_align_resize_default.png,大和田伸也_mXAp.jpg.png.png_0.png_0_align_resize.png,0.7128020524978638
松田栞_kHQA.jpg_default.png.png.png_0.png_0_align_resize.png,溝口恵_mLQE.jpg.png.png.png_0.png_0_align_resize.png,0.7128811478614807
沖田彩花_RAOn.jpg_default.png.png_0.png_0_align_resize.png,浦浜アリサ_unYh.jpg.png.png_default.png_0.png_0_align_resize.png,0.7107370495796204
沖田彩花_RAOn.jpg_default.png.png_0.png_0_align_resize.png,堀田茜_Knrg.jpg.png.png.png_0.png_0_align_resize.png,0.7061156630516052
佐藤真知子_1Tyo.jpg.png.png_0_align_resize_default.png,溝口恵_W49Z.jpg.png.png.png_0.png_0_align_resize.png,0.7804083824157715
佐藤真知子_1Tyo.jpg.png.png_0_align_resize_default.png,溝口恵_IR0u.jpg.png.png.png_0.png_0_align_resize.png,0.7777676582336426
佐藤真知子_1Tyo.jpg.png.png_0_align_resize_default.png,溝口恵_mLQE.jpg.png.png.png_0.png_0_align_resize.png,0.7758971452713013
佐藤真知子_1Tyo.jpg.png.png_0_align_resize_default.png,溝口恵_KVgW.jpg_default..png.png.png_0.png_0_align_resize.png,0.7728526592254639
佐藤真知子_1Tyo.jpg.png.png_0_align_resize_default.png,溝口恵_dd4O.jpg_default..png.png.png_0.png_0_align_resize.png,0.7721765041351318
佐藤真知子_1Tyo.jpg.png.png_0_align_resize_default.png,溝口恵_CbZV.jpg..png_0.png_0.png_0_align_resize.png,0.7714674472808838
佐藤真知子_1Tyo.jpg.png.png_0_align_resize_default.png,溝口恵_hWj9.jpg.png.png.png_0.png_0_align_resize.png,0.7535057067871094
佐藤真知子_Lv6l.jpg.png.png_0_align_resize_default.png,溝口恵_dd4O.jpg_default..png.png.png_0.png_0_align_resize.png,0.7363830804824829
佐藤真知子_Lv6l.jpg.png.png_0_align_resize_default.png,溝口恵_CbZV.jpg..png_0.png_0.png_0_align_resize.png,0.7362338900566101
佐藤真知子_Lv6l.jpg.png.png_0_align_resize_default.png,溝口恵_1Te4.jpeg.png.png.png_0.png_0_align_resize.png,0.7265785932540894
佐藤真知子_Lv6l.jpg.png.png_0_align_resize_default.png,溝口恵_KVgW.jpg_default..png.png.png_0.png_0_align_resize.png,0.7164638638496399
佐藤真知子_Lv6l.jpg.png.png_0_align_resize_default.png,溝口恵_mLQE.jpg.png.png.png_0.png_0_align_resize.png,0.7154045701026917
福本清三_soIG.jpg_default.png.png_0.png_0_align_resize.png,間寛平_Cdcx.jpg.png_align_resize_default.png,0.7742207646369934
福本清三_soIG.jpg_default.png.png_0.png_0_align_resize.png,間寛平_qhXY.jpg.png_align_resize_default.png,0.716888427734375
福本清三_soIG.jpg_default.png.png_0.png_0_align_resize.png,間寛平_K3I7.jpg.png_align_resize_default.png,0.7070713043212891
福本清三_soIG.jpg_default.png.png_0.png_0_align_resize.png,間寛平_gCjj.jpg.png_align_resize_default.png,0.7028372883796692
福本清三_YqA7.jpg_default.png.png_0.png_0_align_resize.png,間寛平_6ZR2.jpg.png_align_resize_default.png,0.7271052002906799
福本清三_YqA7.jpg_default.png.png_0.png_0_align_resize.png,間寛平_29Z5.jpg.png_align_resize_default.png,0.7223142385482788
福本清三_YqA7.jpg_default.png.png_0.png_0_align_resize.png,間寛平_GmTg.jpg.png_align_resize_default.png,0.7062932848930359
福本清三_Fkoj.jpg_default.png.png_0.png_0_align_resize.png,吉田義男_L9UL.jpg.png.png_0_align_resize_default.png,0.7018263936042786
竹本くるみ_YXfP.jpg.png.png_0.png_0_align_resize.png,梅山恋和_wWdP.jpg.png.png_0.png_0_align_resize.png,0.7698752284049988
竹本くるみ_YXfP.jpg.png.png_0.png_0_align_resize.png,梅山恋和_gFTF.jpeg.png.png_0.png_0_align_resize.png,0.7387468218803406
竹本くるみ_YXfP.jpg.png.png_0.png_0_align_resize.png,梅山恋和_9ELr.jpg.png.png_0.png_0_align_resize.png,0.7278360724449158
竹本くるみ_YXfP.jpg.png.png_0.png_0_align_resize.png,梅山恋和_dErf.jpg.png.png_0.png_0_align_resize.png,0.7181199789047241
竹本くるみ_YXfP.jpg.png.png_0.png_0_align_resize.png,梅山恋和_dSbU.jpg.png.png_0.png_0_align_resize.png,0.7147461175918579
竹本くるみ_YXfP.jpg.png.png_0.png_0_align_resize.png,梅山恋和_4F0C.jpeg.png.png_0.png_0_align_resize.png,0.7071227431297302
竹本くるみ_YXfP.jpg.png.png_0.png_0_align_resize.png,梅山恋和_UHye.jpg.png.png_0.png_0_align_resize.png,0.7052558660507202
竹本くるみ_YXfP.jpg.png.png_0.png_0_align_resize.png,梅山恋和_HcHc.jpeg.png.png_0.png_0_align_resize.png,0.7051941156387329
中廣弥生_2qqw.jpg.png.png_0.png_0_align_resize.png,大橋真子_YP34.jpg.png.png_0.png_0_align_resize.png,0.7231217622756958
中廣弥生_2qqw.jpg.png.png_0.png_0_align_resize.png,大橋真子_i6zn.jpg.png.png_0.png_0_align_resize.png,0.7076938152313232
宮本茉由_bBzG.jpg.png.png_0_align_resize_default.png,玉田志織_WTqi.jpg.png.png_0_align_resize_default.png,0.7882475852966309
安田章大_7vMo.jpg_default.png.png_0.png_0_align_resize.png,中村俊輔_pYgy.jpg.png.png.png_0.png_0_align_resize.png,0.7500045299530029
安田章大_7vMo.jpg_default.png.png_0.png_0_align_resize.png,中村俊輔_sl7K.jpg.png_0.png_0_align_resize.png,0.7126275897026062
安田章大_7vMo.jpg_default.png.png_0.png_0_align_resize.png,中村俊輔_6.png_default.png.png.png_0.png_0_align_resize.png,0.7079018354415894
安田章大_7vMo.jpg_default.png.png_0.png_0_align_resize.png,中村俊輔_pk5Y.jpg.png_0.png_0_align_resize.png,0.7040791511535645
安田章大_7vMo.jpg_default.png.png_0.png_0_align_resize.png,中村俊輔_4.png_default.png.png.png_0.png_0_align_resize.png,0.7013775706291199
八木麻紗子_bHUV..png.png.png_0.png_0_align_resize.png,紀真耶_2xcH.jpg.png.png_0.png_0_align_resize.png,0.704706072807312
岡村隆史_vBTR.jpg..png_0_align_resize_default.png,甲本雅裕_c4Bi.jpg.png.png_0.png_0_align_resize.png,0.7062792778015137
平手友梨奈_h3Gr.jpg.png.png_0.png_0_align_resize_default.png,齋藤飛鳥_YInq.jpg.png.png_align_resize_default.png,0.7266378402709961
平手友梨奈_cou4..png.png_align_resize.png,齋藤飛鳥_YInq.jpg.png.png_align_resize_default.png,0.7295488119125366
町音葉_KjD0.jpg.png.png_0.png_0_align_resize.png,今田美桜_S8nf.jpg_default.png.png.png_0.png_0_align_resize.png,0.7073861360549927
田村菜月_LeGW.jpg.png.png_0.png_0_align_resize.png,南波陽向_3FDw.jpg.png.png.png_0_align_resize.png,0.7450353503227234
田村菜月_LeGW.jpg.png.png_0.png_0_align_resize.png,南波陽向_ZFi9.jpg.png.png.png_0.png_0_align_resize.png,0.7342913150787354
田村菜月_LeGW.jpg.png.png_0.png_0_align_resize.png,南波陽向_2mMW.jpg.png_0.png_0_align_resize.png,0.7247613668441772
田村菜月_Ewbq..png.png_0.png_0_align_resize.png,南波陽向_Sy4o.jpg.png_0_align_resize.png,0.7007774114608765
森田健作_2NXC.jpg.png.png.png_0.png_0_align_resize.png,山内健司_7Ko9.jpg.png.png.png_0.png_0_align_resize.png,0.7226278185844421
森田健作_2NXC.jpg.png.png.png_0.png_0_align_resize.png,山内健司_XxRC.jpg.png.png.png_0.png_0_align_resize.png,0.708935022354126
森田健作_IQ36.jpg.png.png.png_0.png_0_align_resize.png,山内健司_QMQ4.jpg.png.png_0.png_0_align_resize.png,0.7557334303855896
森田健作_IQ36.jpg.png.png.png_0.png_0_align_resize.png,山内健司_ENM7.jpg.png.png_0.png_0_align_resize.png,0.7490276098251343
森田健作_bhVI.jpg.png.png.png_0.png_0_align_resize.png,山内健司_QMQ4.jpg.png.png_0.png_0_align_resize.png,0.7765251994132996
森田健作_bhVI.jpg.png.png.png_0.png_0_align_resize.png,山内健司_8DLh.jpg.png.png.png_0.png_0_align_resize.png,0.7707432508468628
森田健作_bhVI.jpg.png.png.png_0.png_0_align_resize.png,山内健司_wEIV.jpg.png.png.png_0.png_0_align_resize.png,0.7697992920875549
森田健作_bhVI.jpg.png.png.png_0.png_0_align_resize.png,山内健司_TxDB.jpg.png.png.png_0.png_0_align_resize.png,0.7598800659179688
森田健作_bhVI.jpg.png.png.png_0.png_0_align_resize.png,山内健司_uM0B.jpg.png.png_0.png_0_align_resize.png,0.7590094208717346
森田健作_bhVI.jpg.png.png.png_0.png_0_align_resize.png,山内健司_ENM7.jpg.png.png_0.png_0_align_resize.png,0.7513068914413452
森田健作_bhVI.jpg.png.png.png_0.png_0_align_resize.png,山内健司_Dd2b.jpg.png.png.png_0.png_0_align_resize.png,0.7494403719902039
森田健作_E1JZ..png.png.png_0.png_0_align_resize.png,山内健司_XFrs.jpg.png.png.png_0.png_0_align_resize.png,0.767585277557373
森田健作_E1JZ..png.png.png_0.png_0_align_resize.png,山内健司_QMQ4.jpg.png.png_0.png_0_align_resize.png,0.7164076566696167
森田健作_E1JZ..png.png.png_0.png_0_align_resize.png,山内健司_Dd2b.jpg.png.png.png_0.png_0_align_resize.png,0.7044978141784668
森田健作_eg2I.jpg.png.png.png_0.png_0_align_resize.png,山内健司_akx2.jpg.png.png_0.png_0_align_resize.png,0.7120227217674255
横山智佐_VcbR.jpg.png.png_0_align_resize_default.png,熊切あさ美_AjyL.jpg.png.png_0.png_0_align_resize.png,0.7474984526634216
横山智佐_5Fut.jpg.png.png_0_align_resize_default.png,熊切あさ美_AjyL.jpg.png.png_0.png_0_align_resize.png,0.7982748746871948
横山智佐_j5Fo.jpg_default.png.png_0.png_0_align_resize.png,熊切あさ美_UG8Y.jpg.png.png.png_0.png_0_align_resize.png,0.7663546204566956
横山智佐_2d3B.jpg.png.png_0_align_resize_default.png,熊切あさ美_AjyL.jpg.png.png_0.png_0_align_resize.png,0.7985206842422485
横山智佐_2d3B.jpg.png.png_0_align_resize_default.png,熊切あさ美_UG8Y.jpg.png.png.png_0.png_0_align_resize.png,0.7945516705513
横山智佐_m5Uu.jpg.png.png_0_align_resize_default.png,熊切あさ美_UG8Y.jpg.png.png.png_0.png_0_align_resize.png,0.7837571501731873
根本宗子_Ipik.jpg_default.png.png.png_0.png_0_align_resize.png,上宮菜々子_TGdJ.jpg.png.png_0.png_0_align_resize.png,0.7066043019294739
大盛真歩_zyA3.jpg_default..png.png.png_0.png_0_align_resize.png,南波陽向_k7s2.jpg.png.png.png_0.png_0_align_resize.png,0.7006785869598389
赤木春恵_GBIF.jpg..png.png.png_0.png_0_align_resize.png,扇千景_Z1vP.webp..png_0.png_0_align_resize.png,0.7135860323905945
久慈暁子_xkpc.jpg_default.png.png.png_0.png_0_align_resize.png,海老原優香_yflJ.jpg_default.png.png_0.png_0_align_resize.png,0.733039140701294
早瀬英里奈_Xh68..png.png_0.png_0_align_resize.png,熊切あさ美_2ARR.webp.png.png.png_0.png_0_align_resize.png,0.7004390954971313
高田純次_WMdc.jpg..png.png_0_align_resize_default.png,吉川晃司_4gfY.jpg.png.png_0.png_0_align_resize.png,0.7050630450248718
加藤慶祐_dHgX.jpg.png.png_align_resize_default.png,加藤和樹_LhyC.jpg.png_align_resize_default.png,0.7093539834022522
石橋けい_pfDu.jpg.png.png_0.png_0_align_resize.png,三沢明美_au4x.jpg.png.png.png_0.png_0_align_resize.png,0.7290295362472534
石橋けい_pfDu.jpg.png.png_0.png_0_align_resize.png,三沢明美_uFcV.jpg.png.png.png_0.png_0_align_resize.png,0.719490647315979
石橋けい_rc34.jpg.png.png_0.png_0_align_resize.png,三沢明美_uFcV.jpg.png.png.png_0.png_0_align_resize.png,0.7077686786651611
石橋けい_rc34.jpg.png.png_0.png_0_align_resize.png,三沢明美_au4x.jpg.png.png.png_0.png_0_align_resize.png,0.7022092342376709
近藤正臣_KuwP.jpg.png_default.png_0.png_0_align_resize.png,橋爪功_7rUl.jpg.png.png_0.png_0_align_resize.png,0.8102014064788818
近藤正臣_KuwP.jpg.png_default.png_0.png_0_align_resize.png,橋爪功_lLYh.jpg_default.png.png.png_0.png_0_align_resize.png,0.7964216470718384
近藤正臣_KuwP.jpg.png_default.png_0.png_0_align_resize.png,橋爪功_aV9a.jpg.png.png.png_0.png_0_align_resize.png,0.7907683849334717
近藤正臣_KuwP.jpg.png_default.png_0.png_0_align_resize.png,橋爪功_Dzm0.jpg.png.png_0.png_0_align_resize.png,0.7830579280853271
近藤正臣_KuwP.jpg.png_default.png_0.png_0_align_resize.png,橋爪功_YiE8.jpg.png.png_0.png_0_align_resize.png,0.7810403108596802
近藤正臣_KuwP.jpg.png_default.png_0.png_0_align_resize.png,橋爪功_Q0Vw.jpg_default.png.png.png_0.png_0_align_resize.png,0.7792088985443115
近藤正臣_KuwP.jpg.png_default.png_0.png_0_align_resize.png,橋爪功_aGhx.png.png.png_0.png_0_align_resize.png,0.7740243077278137
近藤正臣_KuwP.jpg.png_default.png_0.png_0_align_resize.png,橋爪功_V4VU.jpg.png.png_0.png_0_align_resize.png,0.7646200060844421
近藤正臣_KuwP.jpg.png_default.png_0.png_0_align_resize.png,橋爪功_b9IT.jpg.png.png_0.png_0_align_resize.png,0.7575384378433228
まりあ_CuUW.jpg.png.png_0_align_resize_default.png,堀田茜_q2rp.jpeg.png.png.png_0.png_0_align_resize.png,0.7490535378456116
まりあ_CuUW.jpg.png.png_0_align_resize_default.png,堀田茜_7gsn.jpg.png.png.png_0.png_0_align_resize.png,0.7106701135635376
まりあ_CuUW.jpg.png.png_0_align_resize_default.png,堀田茜_Knrg.jpg.png.png.png_0.png_0_align_resize.png,0.7033237814903259
まりあ_CuUW.jpg.png.png_0_align_resize_default.png,堀田茜_EhJO.jpg.png.png.png_0.png_0_align_resize.png,0.7012028098106384
野村佑香_hGvc.jpg.png.png_0_align_resize_default.png,杉原千尋_xFZL.jpg.png.png_0.png_0_align_resize.png,0.7057521343231201
鮎川穂乃果_A6Gi.jpg..png.png.png_0_align_resize_default.png,安倍麻美_vwtM.jpg..png.png_0_align_resize_default.png,0.7046428918838501
宮舘涼太_kA2t.jpg.png_default.png_0.png_0_align_resize.png,向井康二_yfq9..png.png_0.png_0_align_resize.png,0.7187285423278809
渡辺由架_YKmh.jpg..png_0.png_0_align_resize.png,滝口ミラ_K2Ks.jpg.png.png_0.png_0_align_resize.png,0.7401890158653259
渡辺由架_YKmh.jpg..png_0.png_0_align_resize.png,滝口ミラ_Go7s.jpg.png.png_0.png_0_align_resize.png,0.7362720966339111
渡辺由架_YKmh.jpg..png_0.png_0_align_resize.png,滝口ミラ_8ZZ9.jpg.png.png_0.png_0_align_resize.png,0.7283731698989868
渡辺由架_YKmh.jpg..png_0.png_0_align_resize.png,滝口ミラ_dO3o.jpg.png.png_0.png_0_align_resize.png,0.7209669351577759
渡辺由架_YKmh.jpg..png_0.png_0_align_resize.png,滝口ミラ_wbJ8.jpg.png.png_0.png_0_align_resize.png,0.7163350582122803
渡辺由架_YKmh.jpg..png_0.png_0_align_resize.png,滝口ミラ_8aWU.jpg.png_0.png_0_align_resize.png,0.7152323722839355
渡辺由架_YKmh.jpg..png_0.png_0_align_resize.png,滝口ミラ_vi9U.jpg.png.png_0.png_0_align_resize.png,0.7114693522453308
渡辺由架_YKmh.jpg..png_0.png_0_align_resize.png,滝口ミラ_tVfr.jpg.png_0.png_0_align_resize.png,0.7010603547096252
渡辺由架_YKmh.jpg..png_0.png_0_align_resize.png,滝口ミラ_M6Tx.jpg.png.png_0.png_0_align_resize.png,0.701012909412384
齋藤孝_21.png.png_0_align_resize_default.png,柴田英嗣_yvG3.jpg_default.png.png.png.png_0.png_0_align_resize.png,0.8232290148735046
齋藤孝_21.png.png_0_align_resize_default.png,柴田英嗣_6YRC.jpg.png.png_0.png_0_align_resize.png,0.801801860332489
齋藤孝_21.png.png_0_align_resize_default.png,柴田英嗣_CpOe.jpeg.png.png_0.png_0_align_resize.png,0.788415789604187
齋藤孝_21.png.png_0_align_resize_default.png,柴田英嗣_IxjW.jpg.png.png.png_0.png_0_align_resize.png,0.7780250906944275
齋藤孝_21.png.png_0_align_resize_default.png,柴田英嗣_95Z8.jpg.png.png.png_0.png_0_align_resize.png,0.7744848728179932
齋藤孝_21.png.png_0_align_resize_default.png,柴田英嗣_3FXy.jpg.png.png.png_0.png_0_align_resize.png,0.7669246196746826
齋藤孝_21.png.png_0_align_resize_default.png,柴田英嗣_GZ4V.jpg_default.png.png.png_0.png_0_align_resize.png,0.7615113258361816
齋藤孝_3.png.png.png_0_align_resize_default.png,柴田英嗣_3FXy.jpg.png.png.png_0.png_0_align_resize.png,0.718709409236908
齋藤孝_3.png.png.png_0_align_resize_default.png,柴田英嗣_CpOe.jpeg.png.png_0.png_0_align_resize.png,0.7161595821380615
齋藤孝_3.png.png.png_0_align_resize_default.png,柴田英嗣_3FXy.jpg.png.png_0.png_0_align_resize.png,0.7095958590507507
齋藤孝_3.png.png.png_0_align_resize_default.png,柴田英嗣_z9oX.jpg_default.png.png.png.png_0.png_0_align_resize.png,0.7038960456848145
齋藤孝_10.png.png.png.png_0_align_resize_default.png,柴田英嗣_mCSs.jpg.png.png_0.png_0_align_resize.png,0.7094417810440063
齋藤孝_10.png.png.png.png_0_align_resize_default.png,柴田英嗣_mCSs.jpg.png.png.png_0.png_0_align_resize.png,0.7081307172775269
中井ゆかり_hgzv.jpg..png.png_0.png_0_align_resize.png,宮本佳林_DWL7.jpg.png.png.png_0_align_resize_default.png,0.711010754108429
滝沢秀明_CEmZ.jpg.png.png_0.png_0_align_resize.png,今井翼_zVAn.jpg.png.png_0_align_resize_default.png,0.7346146702766418
滝沢秀明_vI88..png.png_0.png_0_align_resize.png,今井翼_zVAn.jpg.png.png_0_align_resize_default.png,0.7071680426597595
滝沢秀明_hiwO..png.png_0.png_0_align_resize.png,今井翼_zVAn.jpg.png.png_0_align_resize_default.png,0.7191502451896667
滝沢秀明_ibgr.jpg.png.png_0.png_0_align_resize.png,今井翼_zVAn.jpg.png.png_0_align_resize_default.png,0.7097045183181763
滝沢秀明_lKhC.jpg.png.png_0.png_0_align_resize.png,今井翼_zVAn.jpg.png.png_0_align_resize_default.png,0.7116963863372803
滝沢秀明_8E2g.png.png.png_0.png_0_align_resize.png,今井翼_zVAn.jpg.png.png_0_align_resize_default.png,0.7158962488174438
滝沢秀明_Fn2B.jpg.png.png_0.png_0_align_resize.png,今井翼_zVAn.jpg.png.png_0_align_resize_default.png,0.7050021290779114
滝沢秀明_aUVx.jpg.png.png_0.png_0_align_resize.png,今井翼_zVAn.jpg.png.png_0_align_resize_default.png,0.741454005241394
滝沢秀明_Zhg1..png.png_0.png_0_align_resize.png,今井翼_zVAn.jpg.png.png_0_align_resize_default.png,0.7267693281173706
椎名林檎_DSQn.jpg.png.png.png_0.png_0_align_resize.png,吉沢梨絵_QlYH.jpg.png.png.png_0.png_0_align_resize.png,0.7073385715484619
泉はる_HYLJ.png.png_0.png_0_align_resize.png,千眼美子_zIY1.jpg.png.png_0.png_0_align_resize.png,0.749151885509491
泉はる_HYLJ.png.png_0.png_0_align_resize.png,千眼美子_qMKI.jpg.png.png_0.png_0_align_resize.png,0.7060506939888
柴田英嗣_1h8W.jpg.png.png_0.png_0_align_resize.png,齋藤孝_21.png.png_0_align_resize_default.png,0.7316378355026245
溝口恵_KBg3.jpg.png.png.png_0.png_0_align_resize.png,佐藤真知子_1Tyo.jpg.png.png_0_align_resize_default.png,0.7054039239883423
溝口恵_in9X.jpg.png.png.png_0.png_0_align_resize.png,佐藤真知子_1Tyo.jpg.png.png_0_align_resize_default.png,0.7044088244438171
溝口恵_1Te4.jpeg.png.png.png_0.png_0_align_resize.png,佐藤真知子_1Tyo.jpg.png.png_0_align_resize_default.png,0.7510886192321777
なな茶_g3fN.webp.png_default.png.png.png_0.png_0_align_resize.png,吉田彩良_kb0C.jpg.png.png_0.png_0_align_resize.png,0.7205862402915955
なな茶_g3fN.webp.png_default.png.png.png_0.png_0_align_resize.png,吉田彩良_wLdE.jpg.png.png.png_0.png_0_align_resize.png,0.7173858284950256
なな茶_g3fN.webp.png_default.png.png.png_0.png_0_align_resize.png,吉田彩良_Ldjk.jpg.png.png.png_0.png_0_align_resize.png,0.7153246402740479
なな茶_g3fN.webp.png_default.png.png.png_0.png_0_align_resize.png,吉田彩良_ri5C.jpg.png.png.png_0.png_0_align_resize.png,0.7125579118728638
角谷暁子_JPdq.jpg_align_resize.png_align_resize_default.png,上原多香子_faJT.jpg_default..png.png_0.png_0_align_resize.png,0.7223783135414124
角谷暁子_JPdq.jpg_align_resize.png_align_resize_default.png,上原多香子_fQ1m.jpg.png.png_0.png_0_align_resize.png,0.7214511036872864
角谷暁子_JPdq.jpg_align_resize.png_align_resize_default.png,上原多香子_fJhT.jpg..png.png_0.png_0_align_resize.png,0.7201792597770691
間寛平_4hf1.jpg.png_align_resize_default.png,古川登志夫_hopZ..png.png_align_resize_default.png,0.7188599705696106
